<IMAGES>
<image ref="letter_a" file="images/a.bmp" numFrames="3" numFrameCol="3" spriteWidth="50" spriteHeight="50"></image>
<image ref="letter_b" file="images/b.bmp" numFrames="3" numFrameCol="3" spriteWidth="50" spriteHeight="50"></image>
<image ref="letter_c" file="images/c.bmp" numFrames="3" numFrameCol="3" spriteWidth="50" spriteHeight="50"></image>
<image ref="letter_d" file="images/d.bmp" numFrames="3" numFrameCol="3" spriteWidth="50" spriteHeight="50"></image>
<image ref="letter_e" file="images/e.bmp" numFrames="3" numFrameCol="3" spriteWidth="50" spriteHeight="50"></image>
<image ref="letter_f" file="images/f.bmp" numFrames="3" numFrameCol="3" spriteWidth="50" spriteHeight="50"></image>
<image ref="letter_g" file="images/g.bmp" numFrames="3" numFrameCol="3" spriteWidth="50" spriteHeight="50"></image>
<image ref="letter_h" file="images/h.bmp" numFrames="3" numFrameCol="3" spriteWidth="50" spriteHeight="50"></image>
<image ref="letter_i" file="images/i.bmp" numFrames="3" numFrameCol="3" spriteWidth="50" spriteHeight="50"></image>
<image ref="letter_j" file="images/j.bmp" numFrames="3" numFrameCol="3" spriteWidth="50" spriteHeight="50"></image>
<image ref="letter_k" file="images/k.bmp" numFrames="3" numFrameCol="3" spriteWidth="50" spriteHeight="50"></image>
<image ref="letter_l" file="images/l.bmp" numFrames="3" numFrameCol="3" spriteWidth="50" spriteHeight="50"></image>
<image ref="letter_m" file="images/m.bmp" numFrames="3" numFrameCol="3" spriteWidth="50" spriteHeight="50"></image>
<image ref="letter_n" file="images/n.bmp" numFrames="3" numFrameCol="3" spriteWidth="50" spriteHeight="50"></image>
<image ref="letter_o" file="images/o.bmp" numFrames="3" numFrameCol="3" spriteWidth="50" spriteHeight="50"></image>
<image ref="letter_p" file="images/p.bmp" numFrames="3" numFrameCol="3" spriteWidth="50" spriteHeight="50"></image>
<image ref="letter_q" file="images/q.bmp" numFrames="3" numFrameCol="3" spriteWidth="50" spriteHeight="50"></image>
<image ref="letter_r" file="images/r.bmp" numFrames="3" numFrameCol="3" spriteWidth="50" spriteHeight="50"></image>
<image ref="letter_s" file="images/s.bmp" numFrames="3" numFrameCol="3" spriteWidth="50" spriteHeight="50"></image>
<image ref="letter_t" file="images/t.bmp" numFrames="3" numFrameCol="3" spriteWidth="50" spriteHeight="50"></image>
<image ref="letter_u" file="images/u.bmp" numFrames="3" numFrameCol="3" spriteWidth="50" spriteHeight="50"></image>
<image ref="letter_v" file="images/v.bmp" numFrames="3" numFrameCol="3" spriteWidth="50" spriteHeight="50"></image>
<image ref="letter_w" file="images/w.bmp" numFrames="3" numFrameCol="3" spriteWidth="50" spriteHeight="50"></image>
<image ref="letter_x" file="images/x.bmp" numFrames="3" numFrameCol="3" spriteWidth="50" spriteHeight="50"></image>
<image ref="letter_y" file="images/y.bmp" numFrames="3" numFrameCol="3" spriteWidth="50" spriteHeight="50"></image>�
<image ref="letter_z" file="images/z.bmp" numFrames="3" numFrameCol="3" spriteWidth="50" spriteHeight="50"></image> 


<image ref="intro" file="images/chooselevel.gif" numFrames="1" numFrameCol="1" spriteWidth="600" spriteHeight="600"></image>
<image ref="endDialogue" file="images/endgame.bmp" numFrames="1" numFrameCol="1" spriteWidth="600" spriteHeight="600"></image>
<image ref="resetDialogue" file="images/reset.bmp" numFrames="1" numFrameCol="1" spriteWidth="600" spriteHeight="600"></image>

<image ref="easy_1" file="images/easy_1.bmp" numFrames="1" numFrameCol="1" spriteWidth="600" spriteHeight="600"></image>
<image ref="medium_1" file="images/medium_1.bmp" numFrames="1" numFrameCol="1" spriteWidth="600" spriteHeight="600"></image>
<image ref="hard_1" file="images/hard_1.bmp" numFrames="1" numFrameCol="1" spriteWidth="600" spriteHeight="600"></image>
<image ref="challenge_1" file="images/challenge_1.bmp" numFrames="1" numFrameCol="1" spriteWidth="600" spriteHeight="600"></image>
<image ref="easy_2" file="images/easy_2.bmp" numFrames="1" numFrameCol="1" spriteWidth="600" spriteHeight="600"></image>
<image ref="medium_2" file="images/medium_2.bmp" numFrames="1" numFrameCol="1" spriteWidth="600" spriteHeight="600"></image>
<image ref="hard_2" file="images/hard_2.bmp" numFrames="1" numFrameCol="1" spriteWidth="600" spriteHeight="600"></image>
<image ref="challenge_2" file="images/challenge_2.bmp" numFrames="1" numFrameCol="1" spriteWidth="600" spriteHeight="600"></image>

</IMAGES>
